Ticker,Entry Z,Window,Strategy Return,Buy Hold Return,Outperformance,Sharpe,Sortino,Profit Factor,Max Drawdown,Trades,Closed Trades,Win Rate,Avg Trade Return,Exposure Time,Return Per Exposure,Score
MSFT,-1.5,20,0.8679863134987806,0.5984671336808551,0.2695191798179255,1.1663421490145767,1.0059085675093822,1.4499565357018098,-0.13169600758382705,25,25,0.84,0.026981503299397004,0.2770663562281723,3.1327741314934983,7.24119848300951
MSFT,-2.0,20,0.7322355107945833,0.5984671336808551,0.13376837711372813,1.1343964020905806,0.8592909329140974,1.5145547085148012,-0.13169600758382727,17,17,0.7647058823529411,0.03494411037604089,0.2048894062863795,3.5738085441621994,7.216371705029787
GOOGL,-1.0,10,0.6372069993804326,0.43129809663523955,0.20590890274519302,0.8271287588300771,0.7541024910249342,1.261239044288516,-0.1921328635412365,49,49,0.7755102040816326,0.011553726803304947,0.34062140391254314,1.8707191975053916,4.814073909211758
MSFT,-1.0,20,0.5855534373317566,0.5984671336808551,-0.012913696349098558,0.8414244366269187,0.7670350384657074,1.282524721828682,-0.16478383955863696,28,28,0.75,0.01823926459683362,0.31431897555296856,1.8629274172888108,4.442831277208692
META,-1.0,20,0.6825906367704522,0.6763885119286615,0.006202124841790724,0.692418494672129,0.615514168018296,1.2486862576794597,-0.32120833775457247,27,27,0.7777777777777778,0.02258812620602418,0.2991850989522701,2.2814994435245852,4.285218077236013
AAPL,-1.5,50,0.4905175274624163,0.6137511258544992,-0.12323359839208292,0.8104532649313494,0.6495048125296731,1.2959095069904576,-0.15824212809579308,11,11,0.8181818181818182,0.038867386223383614,0.27141133896260555,1.8072845789615248,3.9969639732215523
GOOGL,-1.5,10,0.4594480128548515,0.43129809663523955,0.028149916219611937,0.7036814176487881,0.571610145714818,1.2462242948928504,-0.21060025134757598,36,36,0.75,0.012243202391125656,0.2727272727272727,1.6846427138011222,3.8208713496283773
AAPL,-2.0,20,0.4063176867060663,0.7450374031144495,-0.3387197164083833,0.7839881378785963,0.5344962920504164,1.3371190990703299,-0.17548055151585518,15,15,0.8,0.024746755906574106,0.20023282887077998,2.0292261213983194,3.6130584796408893
AAPL,-1.0,50,0.49291972506057613,0.6137511258544992,-0.12083140079392307,0.7627185015899529,0.679331078015808,1.2519634602785834,-0.1730672283876934,15,15,0.8666666666666667,0.028869502249628927,0.3281061519903498,1.5023178385118294,3.6053467548016496
SPY,-2.0,20,0.29757128260751253,0.4591160700990746,-0.1615447874915621,0.7814863833152881,0.5479954136899338,1.312267737457087,-0.09229485876435783,16,16,0.9375,0.017645935574821185,0.21071012805587894,1.412230562209134,3.435881243146434
QQQ,-1.5,10,0.36514382305984117,0.5375103599622217,-0.17236653690238057,0.6863266230038624,0.5651877581159267,1.239643265817281,-0.15028397490436407,38,38,0.7105263157894737,0.009604432155338983,0.27387802071346373,1.333235219491605,3.085969991360451
QQQ,-2.0,10,0.23755988263523964,0.5375103599622217,-0.2999504773269821,0.6396161132181111,0.33510086869900924,1.3468391636209631,-0.11940110145608518,19,19,0.7368421052631579,0.01264561270531297,0.13463751438434982,1.7644404958121647,2.9961813257425876
GOOGL,-2.0,10,0.23128166313677667,0.43129809663523955,-0.20001643349846288,0.5869837122658518,0.3250442190379505,1.2883531449513903,-0.1647447921543177,17,17,0.8235294117647058,0.014109567369028823,0.13463751438434982,1.717809959537256,2.974132230193514
META,-2.0,20,0.38590263473308273,0.6763885119286615,-0.2904858771955787,0.539952951251387,0.4194679395328159,1.2365450648100527,-0.2605651097917733,14,14,0.7142857142857143,0.027313702357679017,0.1990686845168801,1.9385401358813923,2.9055133799365644
SPY,-2.0,10,0.19253979904022156,0.5252290274454612,-0.3326892284052396,0.7172128232550735,0.3974515104298356,1.3597850385097474,-0.059859847010653944,20,20,0.75,0.009006604023308079,0.14384349827387802,1.3385366829276204,2.785121795673907
META,-1.5,20,0.41628731453329015,0.6763885119286615,-0.2601011973953713,0.5311081975892217,0.42873662220894493,1.1962188013907085,-0.32120833775457247,20,20,0.7,0.020936218568137054,0.26542491268917345,1.5683807157197205,2.5169777009094707
QQQ,-1.5,20,0.2874904327686081,0.4671726438786603,-0.17968221111005223,0.5542361810115016,0.44064648495963094,1.1862203607896176,-0.2090884083029707,22,22,0.7727272727272727,0.013498747616449237,0.270081490104773,1.0644581109837687,2.341679217640732
GOOGL,-1.5,20,0.2563234614379757,0.3724898775852583,-0.11616641614728263,0.4512689930039217,0.3810422858856582,1.142842561981805,-0.2375723276582935,20,19,0.7368421052631579,0.012311627404518119,0.2956926658905704,0.8668576904536265,1.9662434428897209
META,-1.0,10,0.41061685812969984,0.8037218787614215,-0.3931050206317217,0.5063922340892472,0.46195645279431846,1.1695147838412168,-0.30301258663443786,40,40,0.675,0.010265449321180477,0.3291139240506329,1.2476435304710112,1.9255405195062472
QQQ,-1.0,10,0.2669995637916187,0.5375103599622217,-0.27051079617060303,0.5191983043493255,0.47487185479349703,1.158051843321678,-0.20926845297927543,46,46,0.6956521739130435,0.006501534028785954,0.3302646720368239,0.808441187926539,1.8609325669286247
MSFT,-1.5,50,0.24973315762180204,0.5064983792235784,-0.2567652216017764,0.47839986870259915,0.36100563560678084,1.1636692504645725,-0.20962559464966546,10,10,0.7,0.02437038471020945,0.26537997587454765,0.9410399439476086,1.8266065917225127
AAPL,-1.5,20,0.25458958499248796,0.7450374031144495,-0.4904478181219616,0.4903473123086139,0.3835967380244992,1.179065034570613,-0.15437797616896387,18,18,0.6666666666666666,0.014509521519881762,0.24912689173457508,1.0219273528436783,1.5457113617151717
MSFT,-1.0,50,0.20957085366119443,0.5064983792235784,-0.296927525562384,0.4041411987757715,0.33335622048738367,1.1272378091342756,-0.20810586818169774,13,13,0.7692307692307693,0.016563114149557807,0.30759951749095293,0.6813107360201184,1.302797887036148
AMZN,-2.0,20,0.12937800912144093,0.20029172224864222,-0.0709137131272013,0.27235622414111166,0.1713538159308292,1.1183899865897968,-0.350143093904032,13,13,0.6153846153846154,0.013172844711977669,0.20139697322467986,0.6424029470249581,1.1460961877270253
GOOGL,-1.0,20,0.16384362280903342,0.3724898775852583,-0.2086462547762249,0.3255257436369506,0.28215632337269697,1.097189226047639,-0.24755165539518875,23,22,0.7272727272727273,0.008176453281501269,0.320139697322468,0.5117878981562171,1.0544488503670864
AAPL,-2.0,10,0.14828767482756655,0.8721093280722827,-0.7238216532447161,0.4114985200215577,0.2578533235496105,1.2365605981489223,-0.10828891533350293,15,15,0.7333333333333333,0.010620860746737137,0.12197928653624857,1.2156791455203333,1.0497374368273544
QQQ,-1.0,20,0.15893904275553372,0.4671726438786603,-0.3082336011231266,0.34754508499563946,0.2898521368638423,1.1067463476367574,-0.24660797499037246,25,25,0.76,0.007736271517455262,0.30151338766006985,0.5271375974015577,0.9256913139292426
MSFT,-2.0,10,0.1304499690153622,0.7107288826605311,-0.5802789136451689,0.3828054202351803,0.22368693425840122,1.1795226925837996,-0.12542202556566084,16,16,0.625,0.009074160184728237,0.14499424626006904,0.8996906593202362,0.8978892543389494
AMD,-1.0,50,0.15801328502033662,0.32173421214756037,-0.16372092712722375,0.3021463257560383,0.2637553604084276,1.0869552402828766,-0.38734295211486935,13,12,0.6666666666666666,0.0172257691299872,0.3606755126658625,0.4381037233506992,0.8631057389726057
GOOGL,-1.0,50,0.10591498373833308,0.24297067758671376,-0.13705569384838068,0.25310245804464687,0.21127041717445438,1.077983066786179,-0.24742924588853488,11,11,0.7272727272727273,0.011930451604795817,0.30759951749095293,0.34432753536893385,0.8097580017439304
QQQ,-2.0,20,0.10220572869506883,0.4671726438786603,-0.3649669151835915,0.2761381321776974,0.19268724888657873,1.0989642142890708,-0.1593982083428246,14,14,0.7142857142857143,0.008758110477975136,0.21885913853317812,0.46699319653757515,0.5973657246418088
SPY,-1.0,50,0.07554975065308667,0.4158622458496568,-0.34031249519657014,0.24771768393757365,0.19465768639146688,1.0800391081747962,-0.16824400638020265,10,10,0.7,0.008937970112622673,0.255729794933655,0.29542803439343795,0.40666186893040823
META,-1.5,10,0.1849679438184435,0.8037218787614215,-0.618753934942978,0.3211950165085566,0.2640353600037175,1.116001354299199,-0.25667452110187505,29,29,0.6896551724137931,0.008470014626766097,0.26927502876869963,0.6869108682830232,0.3781542088908225
QQQ,-1.0,50,0.08422534824642369,0.42605784967427507,-0.3418325014278514,0.23095106255145512,0.19295174017514008,1.0702738163137202,-0.24178434676471017,11,11,0.7272727272727273,0.009424459756621185,0.28950542822677927,0.2909283904011885,0.287901360137256
AMZN,-1.5,10,0.047320749717226995,0.20858071776391052,-0.16125996804668352,0.17044916441524494,0.12061015985981552,1.059864489638606,-0.31867789165875293,35,35,0.6857142857142857,0.0037924925291152847,0.2669735327963176,0.17724884269082009,0.26252562603865703
MSFT,-1.5,10,0.12467108015984674,0.7107288826605311,-0.5860578025006844,0.30160357518592457,0.24547528781223635,1.1005289631295145,-0.18474015728838455,33,33,0.696969696969697,0.005085169967783847,0.26582278481012656,0.46900073012513777,0.23595964680184855
MSFT,-1.0,10,0.12903551860176132,0.7107288826605311,-0.5816933640587698,0.2918309181532494,0.2693575377316841,1.0888893863596973,-0.17991779386707063,44,44,0.6818181818181818,0.0042806984850927285,0.3245109321058688,0.39763072930826454,0.17956792795176146
GOOGL,-2.0,20,0.06201672281542292,0.3724898775852583,-0.3104731547698354,0.1898109306617192,0.14301430467562204,1.063552033378813,-0.28418788300637154,14,14,0.7142857142857143,0.006723711767410656,0.23632130384167638,0.2624254428494989,0.14581542464722025
SPY,-1.5,20,0.058877626656050674,0.4591160700990746,-0.40023844344302395,0.20548645156372408,0.16323558454550516,1.0661925386239455,-0.12488760524236397,17,17,0.7647058823529411,0.004654929809899729,0.2572759022118743,0.2288501416178621,0.1442422718183899
META,-2.0,10,0.1015500898112105,0.8037218787614215,-0.702171788950211,0.2401991959929059,0.1583896600349175,1.1180059096389678,-0.23281525883964893,15,15,0.7333333333333333,0.008966719851430065,0.1380897583429229,0.7353919003828494,0.01652259307324966
SPY,-1.0,20,0.035570803831861175,0.4591160700990746,-0.42354526626721345,0.1460446115824911,0.119576254419808,1.0444185214507866,-0.17198636873871975,21,21,0.7142857142857143,0.002995159141032713,0.27823050058207216,0.12784652925342574,-0.218460264072234
SPY,-1.5,10,0.04047086195568972,0.5252290274454612,-0.48475816548977146,0.16456705580349387,0.1263586827481959,1.0536973071070994,-0.14383305911860989,30,30,0.6333333333333333,0.0018750481428728113,0.24971231300345226,0.16206994949075743,-0.2323623194754369
AMD,-2.0,20,0.05575862769966666,0.5001056191821842,-0.44434699148251755,0.18930967257361608,0.11232006539800064,1.0727023224159133,-0.42776286859338974,13,13,0.6923076923076923,0.011420949435756734,0.21187427240977882,0.26316846809897615,-0.29417339231023754
TSLA,-1.5,20,0.06986374885137159,0.5779495869304876,-0.508085838079116,0.24116895422812087,0.20962067106469917,1.0754913212710955,-0.5055984052613609,21,21,0.6190476190476191,0.009045224012951433,0.3189755529685681,0.21902540242090582,-0.34191326915997233
AMD,-2.0,10,0.04214010716028649,0.6782043118470997,-0.6360642046868132,0.15519681470556265,0.06953846821651695,1.082105650787318,-0.15872918531276614,11,11,0.5454545454545454,0.006066336792970023,0.1047180667433832,0.4024148694757028,-0.3779842148862181
TSLA,-2.0,20,0.043131753308780496,0.5779495869304876,-0.5348178336217071,0.20621132859780444,0.15213688658444038,1.0763219042512868,-0.49259239776486263,14,14,0.5714285714285714,0.009056155025827104,0.24330616996507567,0.17727356981934184,-0.551314475346064
SPY,-1.0,10,0.01972755349620714,0.5252290274454612,-0.505501473949254,0.10648000340829282,0.08839478554928715,1.0319633039136473,-0.17267319898343492,39,39,0.6153846153846154,0.0011766330731630976,0.2899884925201381,0.06802874598493652,-0.5563017825527219
META,-1.0,50,0.012078965225431393,0.6221489767420698,-0.6100700115166384,0.19102134451341388,0.12208317680798951,1.0666998461333634,-0.4574242150347806,11,11,0.7272727272727273,0.01106556004791231,0.3281061519903498,0.03681419916133318,-0.8699492115385661
NVDA,-1.5,10,1.5433247072558527,6.451810935522009,-4.908486228266156,0.9940236088282957,0.8685801796508188,1.3778626641519807,-0.24831139500197041,36,35,0.7714285714285715,0.030127575299211853,0.26352128883774456,5.856546596529851,-1.0076441916590266
AAPL,-1.0,20,0.011400337365070845,0.7450374031144495,-0.7336370657493787,0.10695085330042169,0.09185643600297559,1.0323093356045625,-0.19517660626944466,21,21,0.6190476190476191,0.002233231300078723,0.32479627473806755,0.03509996342865898,-1.0635152978345834
AAPL,-1.0,10,0.03277272508049989,0.8721093280722827,-0.8393366029917828,0.14034228819506075,0.1248712379815363,1.0419817960997928,-0.1912170444483835,44,44,0.6363636363636364,0.0021989230558277077,0.34177215189873417,0.09589056597627744,-1.1079484210590658
NVDA,-2.0,20,0.683359351181557,5.779541790899045,-5.096182439717488,0.7000645878416817,0.48274028635390015,1.296428268231122,-0.4001834105210046,14,14,0.8571428571428571,0.04462638001200309,0.18626309662398138,3.668785516655984,-4.716786244204954
NVDA,-1.5,20,0.6205149856573939,5.779541790899045,-5.159026805241651,0.606468289720324,0.48719604800386057,1.2013660789623175,-0.42379934690393395,21,21,0.8095238095238095,0.02881692429131448,0.27939464493597205,2.2209265528320894,-6.520452257370058
NVDA,-1.0,10,0.6168330984432744,6.451810935522009,-5.834977837078735,0.5703738429386921,0.5446601869472621,1.179854505778651,-0.3192185156764582,41,40,0.65,0.016603534513844935,0.32105868814729577,1.9212471775885498,-8.08755551297607
NVDA,-1.0,20,0.17320169239399608,5.779541790899045,-5.606340098505049,0.30704879064447244,0.2602813012209544,1.092297885818955,-0.46143320910889873,22,21,0.8095238095238095,0.012086547860105953,0.3073341094295693,0.5635615672971311,-9.963098484857225
NVDA,-2.0,10,0.20663082691614099,6.451810935522009,-6.245180108605869,0.34954931097180764,0.2178129022991016,1.161447443525924,-0.3069836343036625,15,14,0.7142857142857143,0.016727052897642973,0.13463751438434982,1.534719560599372,-10.05535090579183
AMZN,-1.5,50,-0.14529628146022178,0.2774213631103417,-0.4227176445705635,-0.04998263785264618,-0.03912519890938958,0.9842498373225477,-0.445445244927843,6,6,0.5,-0.029505244164972355,0.29191797346200243,-0.4977298236798506,-999.0
AMZN,-2.0,10,-0.07965557815712032,0.20858071776391052,-0.28823629592103084,-0.03698009944105888,-0.02021250864560668,0.9835646392666708,-0.36488279656867917,20,20,0.55,-0.0011640355010332005,0.17261219792865362,-0.4614713161235837,-999.0
AMZN,-2.0,50,-0.030772522820264103,0.2774213631103417,-0.3081938859306058,0.070258361652739,0.055007039646562825,1.0258273956926067,-0.31565347510554,5,5,0.4,-0.002065999304857269,0.2074788902291918,-0.1483164035930171,-999.0
AMD,-2.0,50,0.8758106584542553,0.32173421214756037,0.554076446306695,0.7925579593336158,0.5694495617475556,1.309205147052591,-0.23033499960603976,9,8,0.75,0.0783242176058611,0.24728588661037396,3.54169285784672,-999.0
AMZN,-2.5,10,-0.006896640009435795,0.20858071776391052,-0.2154773577733463,-0.04353945921044109,-0.00823608091594872,0.95384954403591,-0.07317682188589614,2,2,0.5,-0.0023353149232295256,0.026467203682393557,-0.26057305079129156,-999.0
AMD,-2.5,50,0.23501629775568622,0.32173421214756037,-0.08671791439187415,0.43954735665017686,0.1970965955146236,1.2599814110693532,-0.23033499960603976,3,3,0.6666666666666666,0.07575377703612989,0.08685162846803378,2.7059515394369984,-999.0
META,-1.5,50,-0.14145785443491343,0.6221489767420698,-0.7636068311769832,0.02806311304564971,0.016436898229715422,1.0105517950164935,-0.5246982675807327,8,8,0.75,-0.006931374724456207,0.2822677925211098,-0.5011476979766805,-999.0
AMD,-2.5,20,0.0,0.5001056191821842,-0.5001056191821842,0.0,0.0,0.0,0.0,0,0,0.0,0.0,0.0,0.0,-999.0
AMD,-2.5,10,-0.0517731978168835,0.6782043118470997,-0.7299775096639832,-0.23084618334946458,-0.03664889649884343,0.7660646055793184,-0.1413514437416361,1,1,0.0,-0.050835239953495814,0.018411967779056387,-2.811931806429485,-999.0
AMZN,-2.5,20,0.2429284903038027,0.20029172224864222,0.04263676805516048,0.4696849528640464,0.23703287873525344,1.3343482962740056,-0.1870302918180613,6,6,0.5,0.04038923539375142,0.09778812572759023,2.4842330139400777,-999.0
GOOGL,-2.0,50,0.11326071901816914,0.24297067758671376,-0.12970995856854461,0.27849939830606424,0.18299903122497518,1.1061423614471715,-0.23413119533691418,6,6,0.5,0.020374814856949402,0.20989143546441497,0.539615724517599,-999.0
AMZN,-1.5,20,-0.12089400586805243,0.20029172224864222,-0.32118572811669466,-0.030949644363712475,-0.023841296755093146,0.9899934438383383,-0.4159398736705422,17,17,0.5882352941176471,-0.0035314820895429293,0.3084982537834691,-0.3918790605307813,-999.0
AMZN,-1.0,50,-0.2741081297016328,0.2774213631103417,-0.5515294928119745,-0.22054963974120245,-0.17887565409541606,0.9356666822946196,-0.503145696910566,7,7,0.5714285714285714,-0.04454148087818569,0.32689987937273823,-0.8385078949175409,-999.0
AMZN,-1.0,20,-0.060638046465923634,0.20029172224864222,-0.26092976871456586,0.05840677688747068,0.04785253657368045,1.0181687118698783,-0.41405743149275875,20,20,0.65,0.0015225220784328363,0.33760186263096625,-0.17961407556630482,-999.0
GOOGL,-1.5,50,0.20074118913386552,0.24297067758671376,-0.04222948845284824,0.38520055114790613,0.29893030364645123,1.1297907130178468,-0.247429245888535,9,9,0.6666666666666666,0.023381795784957003,0.27261761158021713,0.7363471052742235,-999.0
META,-2.5,10,-0.03267517482950222,0.8037218787614215,-0.8363970535909238,-0.05645260469578825,-0.017972104143969037,0.9551672001827983,-0.19546513250946795,3,3,0.6666666666666666,-0.007109095729820288,0.03682393555811277,-0.8873352164636696,-999.0
META,-2.5,20,0.480552935383894,0.6763885119286615,-0.19583557654476746,0.6808965836726802,0.46681726447081695,1.388966078922535,-0.21544129059624328,9,9,0.7777777777777778,0.048981633188633654,0.1350407450523865,3.5585773404721115,-999.0
META,-2.5,50,0.12920881076579005,0.6221489767420698,-0.49294016597627976,0.28695096774424816,0.11498367931974267,1.1542402894424213,-0.4221982556271612,4,4,0.75,0.04705393270110145,0.15922798552472858,0.8114704857942421,-999.0
AMZN,-1.0,10,-0.05459645866926033,0.20858071776391052,-0.26317717643317085,0.05473280512426981,0.046032735269469625,1.016848086638575,-0.40462567336542266,48,48,0.6458333333333334,0.00125635852436181,0.34062140391254314,-0.1602848735932001,-999.0
GOOGL,-2.5,50,0.4010652904991683,0.24297067758671376,0.15809461291245452,0.8169423930444395,0.4937562394923939,1.4278449499760968,-0.14031389207079525,5,5,0.8,0.07277284867688912,0.14595898673100122,2.7477944282959545,-999.0
GOOGL,-2.5,20,0.3114833478781749,0.3724898775852583,-0.06100652970708342,0.9114127155710533,0.4395136711346046,1.6599698307143513,-0.102492001901486,7,7,0.7142857142857143,0.041141254044939415,0.09080325960419092,3.430310202914772,-999.0
GOOGL,-2.5,10,0.05295831259191175,0.43129809663523955,-0.3783397840433278,0.6316876200274555,0.10070949437376414,2.4231807141159143,-0.027872621799443276,2,2,1.0,0.02715838636845791,0.01380897583429229,3.8350644701976093,-999.0
META,-2.0,50,-0.04031210808058261,0.6221489767420698,-0.6624610848226524,0.12537063031939544,0.06767875930192252,1.0525620780879057,-0.45829417262273975,7,7,0.7142857142857143,0.0066910181129594525,0.24849215922798554,-0.1622268815475873,-999.0
TSLA,-1.0,10,-0.5434281932052742,0.7186792558834267,-1.262107449088701,-0.3877818421534195,-0.3491113308593074,0.8971677364403611,-0.779025933862371,40,40,0.6,-0.013431635595664949,0.36478711162255467,-1.4897132488813354,-999.0
AMD,-1.5,50,0.15830822429791236,0.32173421214756037,-0.163425987849648,0.29966747179225256,0.23522755085913238,1.0980374124560075,-0.2968400178077307,9,8,0.625,0.019890003988500146,0.28347406513872137,0.5584575231615716,-999.0
AMD,-1.5,20,-0.02855070318739439,0.5001056191821842,-0.5286563223695786,0.12709877231514244,0.1072638040327717,1.0365602783533667,-0.4885977954184526,22,22,0.5909090909090909,0.004691423388610025,0.3492433061699651,-0.0817501801265726,-999.0
MSFT,-2.5,10,-0.00044826102400297163,0.7107288826605311,-0.7111771436845341,0.013942880900954783,0.0015320222837961494,1.023143981120594,-0.042891499817194645,1,1,1.0,0.0005532471556082275,0.00805523590333717,-0.05564840426551176,-999.0
MSFT,-2.0,50,0.2522512951732474,0.5064983792235784,-0.25424708405033103,0.606979054666741,0.36498813601410546,1.301648499769529,-0.13274049343207073,5,5,0.8,0.04890556233192571,0.14234016887816647,1.7721722347340856,-999.0
AAPL,-2.5,50,0.47327946732248916,0.6137511258544992,-0.14047165853201005,0.9895085854497075,0.5491011535314138,1.5439495192419501,-0.1398717137891461,5,5,1.0,0.08275415158665908,0.1411338962605549,3.3534075077807137,-999.0
AAPL,-2.5,20,0.07350325467502561,0.7450374031144495,-0.6715341484394239,0.36660963464098906,0.1420209067216977,1.2784578934826638,-0.055054490932581635,4,4,0.75,0.019051484606428665,0.06169965075669383,1.191307467280132,-999.0
AAPL,-2.5,10,-0.02531649506191358,0.8721093280722827,-0.8974258231341963,-0.30952136326832985,-0.07986919796488466,0.7217674951994167,-0.04969152189123438,2,2,0.5,-0.011665960359103944,0.023014959723820484,-1.100001710440145,-999.0
AAPL,-2.0,50,0.457055637392906,0.6137511258544992,-0.1566954884615932,0.86720734803807,0.584558226209708,1.3652938743710406,-0.1398717137891463,8,8,0.75,0.04977702598105452,0.19903498190591074,2.2963583236286005,-999.0
AAPL,-1.5,10,-0.05934546757689951,0.8721093280722827,-0.9314547956491822,-0.04058278439567955,-0.03277226142679201,0.9863114693914983,-0.19823863739770353,28,28,0.5714285714285714,-0.0007730771889518888,0.25891829689298046,-0.22920538366366966,-999.0
QQQ,-2.5,50,0.15337702401939368,0.42605784967427507,-0.2726808256548814,0.560882461833697,0.264947237027274,1.3388038114217893,-0.14178663556863147,4,4,0.75,0.0382599797307806,0.0856453558504222,1.7908387734095403,-999.0
QQQ,-2.5,20,0.00447306849043394,0.4671726438786603,-0.46269957538822637,0.056778268191573555,0.013376136731272534,1.0506904816854037,-0.05626831019544287,2,2,1.0,0.003231708941901612,0.03259604190919674,0.13722735118866983,-999.0
QQQ,-2.5,10,0.0,0.5375103599622217,-0.5375103599622217,0.0,0.0,0.0,0.0,0,0,0.0,0.0,0.0,0.0,-999.0
QQQ,-2.0,50,0.16197249169605366,0.42605784967427507,-0.2640853579782214,0.3720603131108642,0.2770400985323146,1.130485349319155,-0.21120308337949467,8,8,0.75,0.021182216639719684,0.2316043425814234,0.699349977166815,-999.0
QQQ,-1.5,50,0.0871413996190269,0.42605784967427507,-0.3389164500552482,0.23823388448107516,0.18728131848858423,1.0771077794714903,-0.23122582526760382,9,9,0.6666666666666666,0.011445684696870474,0.25814234016887816,0.3375711228232397,-999.0
SPY,-2.5,50,0.03707931175904866,0.4158622458496568,-0.37878293409060815,0.22162928030876408,0.10919750134544555,1.1259861989800461,-0.09024324074180745,2,2,1.0,0.01938580822911462,0.08082026537997587,0.4587873051977812,-999.0
SPY,-2.5,20,0.15065323804859765,0.4591160700990746,-0.308462832050477,1.0307653341743264,0.4740915046700623,1.9262426990827932,-0.03439889365629478,6,6,1.0,0.024812930023351793,0.0640279394644936,2.352929663340825,-999.0
SPY,-2.5,10,0.019274695222785354,0.5252290274454612,-0.5059543322226758,0.27483212982798166,0.04646732667292263,1.4990385162355955,-0.03034849590044497,1,1,1.0,0.020284391445975825,0.00805523590333717,2.392815735514353,-999.0
SPY,-2.0,50,0.13336987905368058,0.4158622458496568,-0.2824923667959762,0.4235258447338522,0.3063869970824168,1.1628422181385183,-0.12156493411214853,6,6,0.6666666666666666,0.022425009074398723,0.1942098914354644,0.6867306194751628,-999.0
SPY,-1.5,50,0.0673008332234808,0.4158622458496568,-0.348561412626176,0.23297208907701092,0.1720839820587362,1.0810917788064573,-0.14545758075080395,7,7,0.7142857142857143,0.010872575675203722,0.22316043425814233,0.30158049049873287,-999.0
MSFT,-2.5,20,0.10570666484794677,0.5984671336808551,-0.49276046883290836,0.4766739801965512,0.15075780510796258,1.3637803504505854,-0.07400462593379065,4,4,1.0,0.026531916019021273,0.05587892898719441,1.8917088563413809,-999.0
MSFT,-2.5,50,0.0995893348569803,0.5064983792235784,-0.40690904436659814,0.3641904191952124,0.17464385015615785,1.207001359823931,-0.13149062954025037,3,3,0.6666666666666666,0.03462069412370594,0.09650180940892641,1.0319944824554583,-999.0
NVDA,-1.0,50,0.16245995030757165,5.962028563745385,-5.799568613437813,0.30255348342285615,0.25426960750432503,1.0973936489026008,-0.5028972653945591,9,9,0.6666666666666666,0.02648622563573043,0.2569360675512666,0.6322971774881545,-999.0
TSLA,-2.0,10,-0.02849997687988637,0.7186792558834267,-0.7471792327633131,0.1164659561338726,0.07998738622578815,1.0470117053280543,-0.5465082366880551,19,19,0.5263157894736842,0.0052665439541524275,0.1956271576524741,-0.1456851759330662,-999.0
AMD,-1.5,10,-0.17739415425655647,0.6782043118470997,-0.8555984661036562,-0.06477002610053818,-0.05925033829322849,0.9817109740663701,-0.5538821273422001,34,34,0.6470588235294118,-0.0021194727097068665,0.34062140391254314,-0.5207956758410391,-999.0
AMD,-1.0,20,-0.28561287975237004,0.5001056191821842,-0.7857184989345543,-0.140102676206569,-0.1281079026583505,0.9636530575738305,-0.507014171174343,24,24,0.5833333333333334,-0.007692358781241253,0.4109429569266589,-0.6950183107855123,-999.0
AMD,-1.0,10,-0.30639799048557104,0.6782043118470997,-0.9846023023326708,-0.20344617053797784,-0.19693439950476258,0.9475529289140431,-0.593775910913345,41,41,0.5853658536585366,-0.00554402756552745,0.3866513233601841,-0.7924400408689323,-999.0
TSLA,-2.5,50,0.23790276266042398,0.5612312046502597,-0.3233284419898357,0.36046669147529,0.3020993709547043,1.1252248256126924,-0.5693814892182354,6,6,0.8333333333333334,0.057475839921734495,0.26417370325693607,0.9005542933584086,-999.0
TSLA,-2.5,20,0.38458557911002345,0.5779495869304876,-0.19336400782046415,0.5286535233511084,0.2894412225119797,1.2800034346653841,-0.34059750790738164,8,8,0.75,0.046392262110701354,0.12572759022118743,3.058879744958427,-999.0
TSLA,-2.5,10,0.03134586532253403,0.7186792558834267,-0.6873333905608927,0.14251306753094228,0.040828976985354586,1.1281698231648294,-0.1738044400511054,3,3,0.3333333333333333,0.012727575537461844,0.03452243958573072,0.9079852321760691,-999.0
TSLA,-2.0,50,0.03449806232560504,0.5612312046502597,-0.5267331423246546,0.21076610344617022,0.18572610069252016,1.0648522527554414,-0.56753830792567,7,7,0.7142857142857143,0.021521613081211144,0.31966224366706875,0.10792035346387388,-999.0
TSLA,-1.5,50,-0.3406208666211945,0.5612312046502597,-0.9018520712714542,-0.13467176582143653,-0.11908195025171268,0.9619035105635169,-0.631414879450971,7,7,0.42857142857142855,-0.03925332482356138,0.3401688781664656,-1.0013287178332277,-999.0
NVDA,-1.5,50,0.2128662852658043,5.962028563745385,-5.749162278479581,0.34704402865916173,0.2683154642205462,1.1204750303527937,-0.415633249560618,7,7,0.5714285714285714,0.03828127950519505,0.22074788902291917,0.9642959042915398,-999.0
TSLA,-1.5,10,-0.4745521193411364,0.7186792558834267,-1.1932313752245631,-0.30827947285440616,-0.2600737022141295,0.9116931706618698,-0.7513869409080973,34,34,0.5882352941176471,-0.012389080437538185,0.32105868814729577,-1.4780852749370879,-999.0
TSLA,-1.0,50,-0.3253511511479187,0.5612312046502597,-0.8865823557981783,-0.10500897399112981,-0.09451961138058068,0.9708100168179885,-0.6314148794509713,8,8,0.375,-0.030202817055221612,0.3546441495778046,-0.9174017153116482,-999.0
TSLA,-1.0,20,-0.3326056121520592,0.5779495869304876,-0.9105551990825468,-0.0850156602429234,-0.07770691641164809,0.9767231996606663,-0.6241289441857278,24,24,0.5833333333333334,-0.010250586707416348,0.37834691501746215,-0.8791022179649811,-999.0
NVDA,-2.5,50,0.024662322066000497,5.962028563745385,-5.937366241679384,0.12367479027301093,0.05416860889973567,1.090960227846308,-0.20113710544309005,1,1,1.0,0.025682159585728614,0.047044632086851626,0.5242324357106259,-999.0
NVDA,-2.5,20,0.6600949246826207,5.779541790899045,-5.119446866216425,1.4585209690576644,0.6720220935808926,3.8179245640382287,-0.04869350232969061,5,5,1.0,0.10860489534478365,0.04074505238649592,16.200615437210605,-999.0
NVDA,-2.5,10,0.0,6.451810935522009,-6.451810935522009,0.0,0.0,0.0,0.0,0,0,0.0,0.0,0.0,0.0,-999.0
NVDA,-2.0,50,0.12285146117573231,5.962028563745385,-5.839177102569653,0.2657505010959441,0.18878375726938196,1.098917983170475,-0.35035898557093526,5,5,0.4,0.031770313642271876,0.19179734620024125,0.6405274296520886,-999.0
AMZN,-2.5,50,0.016174820214992947,0.2774213631103417,-0.26124654289534877,0.13030412710136394,0.09689755819233735,1.0505517624494642,-0.25096175679209676,4,4,0.5,0.006728847350135875,0.19179734620024125,0.08433286766181858,-999.0
